id,fname,tag,title,price,summary,item,introduction,session,cancel,pic_num,map,icon
11,allday-1,OK,薇納斯薰衣草森林浮潛一日遊,"3,000/2,900","約4月1日－10月中旬營業/南海遊客中心報到/行程約8~9小時/開航時間約,AM08：00－08：30,回航時間約,PM16：00－17：30/開航前20分鐘辦理報到手續/前一天專人會透過line通知具体開船時間(視潮汐及船班調度調整)","成人(6-65歲)/NT$2,900/3-6歲/NT$2,000/未滿3歲/NT$300",鎖港碼頭搭船出航～讓專業的為您導覽解說…/登島東吉。教練分發浮潛裝備，解說裝備使用方法，搭船出發前往薰衣草森林/在教練的帶領下展開絢麗的東吉薰衣草森林浮潛(含魔毯)/享用午餐後， 環島機車兩人一部 或 左心室下午茶 二選一/午後海角樂園：透明獨木舟、SUP 體驗,,出發日（不含）8天前通知取消，無條件全額退費/出發日（不含）1－7天內通知取消，收取全額費用30%/出發當日0－1天內通知取消，收取全額費用100%/因遲到導致無法參與本活動者，不予退費/倘遇颱風或天災導致無法出團，則不在此限，全額退費/突遇緊急事件不克前往報到者，煩請提出合法證明文件，待客服人員與業者溝通協調後，依回覆狀況處理,9,https://www.google.com/maps/embed?pb=!1m18!1m12!1m3!1d3658.2035518306316!2d119.60188727494297!3d23.52518019738614!2m3!1f0!2f0!3f0!3m2!1i1024!2i768!4f13.1!3m3!1m2!1s0x346c4ffd4f750a2f%3A0xd2862f6af429ff77!2z6Y6W5riv56K86aCt!5e0!3m2!1szh-TW!2stw!4v1701919621978!5m2!1szh-TW!2stw,one//two//three//four//five//six//one//two//three//four//five//six
12,allday-2,OK,忘憂島一日遊,"3,000/2,950","約4月1日－10月中旬營業/南海遊客中心報到/行程約8小時/開航時間約
,AM 08：00
,回航時間約
,PM 17：00
/開航前20分鐘辦理報到手續
/前一天專人會透過line通知具体開船時間(視潮汐及船班調度調整)","成人(4歲以上同成人)/NT$3,850/未滿4歲/NT$1,000","南海遊客中心搭船出航～
/帶您前往全台唯一國家海洋公園浮潛水上活動。
/欣賞七彩珊瑚礁群！專業中文導覽.踏上澎湖無人島探險特殊潮池.景觀與離島網美秘境！",,,8,https://www.google.com/maps/embed?pb=!1m14!1m8!1m3!1d14628.220341624186!2d119.572509!3d23.566465!3m2!1i1024!2i768!4f13.1!3m3!1m2!1s0x346c5aecf84d97fb%3A0x3687fef7e2484f3c!2z5Y2X5rW36YGK5a6i5Lit5b-D!5e0!3m2!1szh-TW!2stw!4v1701830226079!5m2!1szh-TW!2stw,
13,allday-3,水上活動,熱島大倉一日遊體驗,"2,000/1,900","約4月1日－10月中旬營業
/重光碼頭報到
/行程約8小時
/開航時間約
,AM 07：40
,回航時間約
,PM 18：00
/開航前20分鐘辦理報到手續
/前一天專人會透過line通知具体開船時間(視潮汐及船班調度調整)","成人(12歲以上同成人)
/NT$1,900
/6-11歲
/NT$1,700
/2-5歲
/NT$500
/未滿2歲
/NT$100","重光碼頭搭船出航～

/遊船澎湖北海+餵燕鷗(需配合季節)
/穿越跨海大橋,欣賞北海神秘無人島風光,這是一片可以目睹千變萬化的地形和地質的地區,近距離觀賞北海最大的 洞門「鐵沾洞門」和大自然所創造的藝術品姑婆嶼的奇岩怪石景點。還可以餵食燕鷗超好玩,一同來感受海上漫遊 的樂趣吧! 精力充沛水上活動

/碧海、白沙及燦爛耀眼的陽光! 千萬別錯過我們為您準備的 5 種令人興奮的水上項目1、香蕉船 2、趴趴艇 3、大力水手 4、海戰車 5、獨木舟,都正等著您來挑戰!專業的工作人員將帶領您飛馳於大海之上,享受疾速的快感。 絕讚無人島姑婆嶼浮潛

/在碧藍澄淨的大海中挑戰海洋運動，跟熱帶魚或大型迴遊魚類一起潛泳時說不定還可以遇到海龜呢! ※提供防寒衣或水母衣,蛙鏡,救生衣。呼吸管需自備 當海上霸主-海釣

/想親自把「海鮮」從海中捕獲，那麼請千萬別錯過了為您準備的釣魚行程,一起跳上海釣船出海,沐浴在美麗的陽 光與海景之中、邊享受海上釣魚的樂趣!還等什麼呢?一起出海釣大魚吧! 
/大倉原味料理中餐, 漁家女兒手路菜「新鮮」上桌,漁家獨有的海鮮料理手法,你一定要來試試。

/行程結束提供海鮮粥,新鮮魚貨當點心讓您大飽口福,吃個過癮。",,,14,https://www.google.com/maps/embed?pb=!1m14!1m8!1m3!1d14626.130358529559!2d119.57090700000002!3d23.585225!3m2!1i1024!2i768!4f13.1!3m3!1m2!1s0x346c5ae29cc9afd1%3A0x28ceffd837655bc9!2z6YeN5YWJ56K86aCt!5e0!3m2!1szh-TW!2stw!4v1701830719548!5m2!1szh-TW!2stw,
14,bbq-1,OK,大姐燒烤,520/480,"約4月1日－10月中旬營業
/大姐燒烤報到
/行程約2小時
/開時始間
,PM 17：30、20：00
/提前10分鐘辦理報到手續
/前一天專人會透過line通知具体出發時間(視天氣調整)","成人
/NT$480
/身高110-130公分
/NT$250
/身高90-110公分
/NT$100
/未滿90公分
/免費","
烤具和食材都幫你準備好，設備一應俱全，輕鬆烤肉無負擔
/提供豐富的海鮮、各式肉類、蔬菜類及附餐數十種食材吃到飽",,,1,https://www.google.com/maps/embed?pb=!1m14!1m8!1m3!1d14627.540155206227!2d119.566849!3d23.572572!3m2!1i1024!2i768!4f13.1!3m3!1m2!1s0x346c5af1a4560365%3A0x55297a4a0ddc0907!2z5r6O5rmW5aSn5aeQ6Ieq5Yqp56Kz54Ok5buj5aC0LTEx5pyI6ZaL5aeL5Yas5a2j5bqX5LyRIOaEn-isneWkp-WutuS7iuW5tOW6pueahOaUr-aMgQ!5e0!3m2!1szh-TW!2stw!4v1701830827842!5m2!1szh-TW!2stw,
15,bbq-2,OK,瘋燒烤,480/480,"約4月1日－10月中旬營業
/瘋燒烤報到
/行程約2小時
/開時始間
,PM 17：30、20：00
/提前10分鐘辦理報到手續
/前一天專人會透過line通知具体出發時間","成人
/NT$480
/身高110-130公分
/NT$250
/身高110公分以下
/NT$100
/未滿三歲
/免費","烤具和食材都幫你準備好，設備一應俱全，輕鬆烤肉無負擔
/提供豐富的海鮮、各式肉類、蔬菜類及附餐數十種食材吃到飽",,,5,https://www.google.com/maps/embed?pb=!1m14!1m8!1m3!1d14632.406944981869!2d119.600834!3d23.528843!3m2!1i1024!2i768!4f13.1!3m3!1m2!1s0x346c518d013cbac3%3A0x7718ebbfb793e586!2z5r6O5rmW55iL54eS54OkIC0g5Yas5a2j5LyR5oGv5LitIC0g6aCQ6KiI5LqM5pyI5bqV5oGi5b6p54ef5qWt!5e0!3m2!1szh-TW!2stw!4v1701830920098!5m2!1szh-TW!2stw,
16,bbq-3,OK,一品燒烤,480/480,"約4月1日－10月中旬營業
/一品無煙燒烤報到
/行程約2小時
/開時始間
,PM 17：30、20：00
/提前10分鐘辦理報到手續
/前一天專人會透過line通知具体出發時間","成人
/NT$480
/身高130公分以下
/NT$250
/未滿三歲
/免費","烤具和食材都幫你準備好，設備一應俱全，輕鬆烤肉無負擔
/提供豐富的海鮮、各式肉類、蔬菜類及附餐數十種食材吃到飽",,,7,https://www.google.com/maps/embed?pb=!1m14!1m8!1m3!1d14627.35167396142!2d119.568039!3d23.574264!3m2!1i1024!2i768!4f13.1!3m3!1m2!1s0x346c5b1ff7a50b3b%3A0x9abbab866fb01f95!2z5LiA5ZOB54Sh54WZ54eS54Ok!5e0!3m2!1szh-TW!2stw!4v1701831203921!5m2!1szh-TW!2stw,
17,bbq-4,BBQ吃到飽,夏日燒烤,480/480,"約4月1日－10月中旬營業
/夏日碳烤報到
/行程約2小時
/開時始間
,PM 17：30、20：00
/提前10分鐘辦理報到手續
/前一天專人會透過line通知具体出發時間","成人
/NT$480
/身高110-130公分
/NT$250
/110公分以下
/NT$100
/3歲以下
/免費","烤具和食材都幫你準備好，設備一應俱全，輕鬆烤肉無負擔
/提供豐富的海鮮、各式肉類、蔬菜類及附餐數十種食材吃到飽",,,5,https://www.google.com/maps/embed?pb=!1m14!1m8!1m3!1d14634.084842994072!2d119.594377!3d23.513749!3m2!1i1024!2i768!4f13.1!3m3!1m2!1s0x346c503d2fcee971%3A0x4ef79b692731e168!2z5r6O5rmW5bGx5rC05aSP5pel56Kz54Ok!5e0!3m2!1szh-TW!2stw!4v1701831135442!5m2!1szh-TW!2stw,
18,bbq-5,BBQ吃到飽,船尾燒烤,480/480,"約4月1日－10月中旬營業
/船尾燒烤報到
/行程約2小時
/開時始間
,PM 17：30、20：00
/提前10分鐘辦理報到手續
/前一天專人會透過line通知具体出發時間","成人
/NT$480
/身高110-130公分
/NT$250
/110公分以下
/NT$100","烤具和食材都幫你準備好，設備一應俱全，輕鬆烤肉無負擔
/提供豐富的海鮮、各式肉類、蔬菜類及附餐數十種食材吃到飽",,,8,https://www.google.com/maps/embed?pb=!1m14!1m8!1m3!1d14627.688859242084!2d119.581488!3d23.571237!3m2!1i1024!2i768!4f13.1!3m3!1m2!1s0x346c5aed6efeafd5%3A0x34181ff389978ddc!2z6Ii55bC-54eS54Ok!5e0!3m2!1szh-TW!2stw!4v1701831070795!5m2!1szh-TW!2stw,
19,dh-1,東海行程,戀夏-東海一日遊,"1,200/1,000","約4月1日－10月中旬營業
/岐頭遊客中心報到
/行程約6~7小時
/開航時間約
,AM 07：40－09：40
,回航時間約
,PM 15：00－17：00
/開航前20分鐘辦理報到手續
/前一天專人會透過line通知具体開船時間(視潮汐及船班調度調整)","成人(8歲以上同成人)
/NT$1,000
/3-7歲以下
/NT$900
/未滿3歲
/NT$100
/+潮間帶
/+NT$200","歧頭遊艇碼頭搭船出航～讓專業的為您導覽解說…
/東海巡航：員貝、雞善嶼、錠鉤嶼、小白沙嶼、南面掛、澎澎灘，觀賞玄武岩奇景
觀賞燕鷗：觀察燕鷗覓食俯衝入海
/趣味海釣：手釣線釣魚，享受與魚兒拉扯的快感與樂趣..午餐加菜就靠你囉
/鳥嶼午餐：登島鳥嶼及品嚐道地新鮮海味(七菜一湯)+贈送凍ㄗ點心
/戲水浮潛：提供泳圈、蛙鏡體驗浮潛戲水餵魚享受與魚兒共舞的樂趣
/嗨玩水上：跳水+海上盪鞦韆+休閒SUP立槳+透明SUP+海上溜滑梯+海上魔毯
/潮間帶:抱礅踏浪+圍網捕魚(加購)",,,8,https://www.google.com/maps/embed?pb=!1m14!1m8!1m3!1d14618.962520376832!2d119.60930300000001!3d23.649458!3m2!1i1024!2i768!4f13.1!3m3!1m2!1s0x346c4333d83a5e0b%3A0xef6148ffe7ae28ad!2z5oiA5aSP6YGK6ImH44CK5q2n6aCt6ZuG5ZCI6JmV44CL!5e0!3m2!1szh-TW!2stw!4v1701831316390!5m2!1szh-TW!2stw,
20,dh-2,東海行程,銀海-浪漫之旅,"1,400/1,100","約4月1日－10中旬營業
/岐頭遊客中心報到
/行程約6~7小時
/開航時間約
,AM 08：00－10：00
,回航時間約
,PM15：00－17：00
/開航前20分鐘辦理報到手續
/前一天專人會透過line通知具体開船時間(視潮汐及船班調度調整)","成人(3歲以上同成人)
/NT$1,100
/未滿3歲
/NT$100","歧頭遊艇碼頭搭船出航～讓專業的為您導覽解說…
/東海巡航：員貝後山三大景點介紹、澎澎灘會移動的小島、雞善嶼、錠鉤嶼
/觀賞燕鷗：觀察燕鷗覓食俯衝入海
/鳥嶼午餐：登島鳥嶼含午餐(海鮮粥+3道小菜)
/澎澎灘水上活動： 1.透明獨木舟 2.SUP立獎 3.超大型水上溜滑梯 4.高空跳水 5.泰山式搖擺跳水 6.香蕉船 7.海戰車8.水上摩托車",,,8,https://www.google.com/maps/embed?pb=!1m14!1m8!1m3!1d14618.953581622285!2d119.60931100000002!3d23.649538!3m2!1i1024!2i768!4f13.1!3m3!1m2!1s0x346c4333df31750b%3A0xc64e25de9b1481a2!2z5bKQ6aCt6YGK5a6i5Lit5b-D!5e0!3m2!1szh-TW!2stw!4v1701831390799!5m2!1szh-TW!2stw,
21,dh-3,東海行程,銀海-超值一日遊,"1,400/1,100","約4月1日－10中旬營業
/岐頭遊客中心報到
/程約6~7小時
/開航時間約
,AM 08：00－10：00
,回航時間約
,PM15：00－17：00
/開航前20分鐘辦理報到手續
/前一天專人會透過line通知具体開船時間(視潮汐及船班調度調整)","成人(12歲以上同成人)
/NT$1,100
/3-11歲以下
/NT$1,000
/未滿3歲
/NT$100","歧頭遊艇碼頭搭船出航～讓專業的為您導覽解說…
/東海巡航：員貝後山三大景點介紹、澎澎灘會移動的小島
/鳥嶼午餐：登島鳥嶼含午餐(海鮮粥+3道小菜)
/水上活動：香蕉船,拖曳圈.超級漫波.大力水手.海戰車.搖擺飛船.水上摩托車(依現場提供為主時間無限暢玩) 或 海釣 2選1+潮間帶踏浪",,,7,https://www.google.com/maps/embed?pb=!1m14!1m8!1m3!1d14618.953581622285!2d119.60931100000002!3d23.649538!3m2!1i1024!2i768!4f13.1!3m3!1m2!1s0x346c4333df31750b%3A0xc64e25de9b1481a2!2z5bKQ6aCt6YGK5a6i5Lit5b-D!5e0!3m2!1szh-TW!2stw!4v1701831390799!5m2!1szh-TW!2stw,
22,dh-4,東海行程,銀海-龍蝦島,"2,800/2,700","約4月1日－10中旬營業
/岐頭遊客中心報到
/行程約6~7小時
/開航時間約
,AM 07：00－09：30
,回航時間約
,PM15：30－16：00
/開航前20分鐘辦理報到手續
/前一天專人會透過line通知具体開船時間(視潮汐及船班調度調整)","成人(12歲以上同成人)
/NT$2,700
/3-12歲以下
/NT$1,800
/未滿3歲
/NT$100","歧頭遊艇碼頭搭船出航～讓專業的為您導覽解說…
/巡航員貝嶼、雞善嶼、大峽谷、小富士山、雞善嶼欣賞成群保育類海鷗
/號稱台版馬爾地夫的澎澎灘，一同在上面體驗時下最夯的 SUP 與透明獨木舟水上活動
/龍蝦島捕龍蝦＆潮池餵魚＆烤野生石蚵、午餐享用龍蝦泡麵",,,8,https://www.google.com/maps/embed?pb=!1m14!1m8!1m3!1d14618.953581622285!2d119.60931100000002!3d23.649538!3m2!1i1024!2i768!4f13.1!3m3!1m2!1s0x346c4333df31750b%3A0xc64e25de9b1481a2!2z5bKQ6aCt6YGK5a6i5Lit5b-D!5e0!3m2!1szh-TW!2stw!4v1701831390799!5m2!1szh-TW!2stw,
23,dh-5,東海行程,新來發東海一日遊,"1,600/1,400","約4月1日－10中旬營業
/岐頭遊客中心報到
/行程約8小時
/開航時間約
,AM 08：00
,回航時間約
,PM 16：30
/開航前20分鐘辦理報到手續
/前一天專人會透過line通知具体開船時間(視潮汐及船班調度調整)","成人(12歲以上同成人)
/NT$1,400
/2-12歲以下
/NT$1,000
/未滿2歲
/NT$100","歧頭遊艇碼頭搭船出航～讓專業的為您導覽解說…
/東海七景島巡航：世界文化遺產的玄武岩景觀、員貝文房四寶、鳥嶼大峽谷、南面掛嶼、小白沙嶼、雞善嶼、錠鉤嶼及登陸澎澎灘
/鳥嶼午餐：鳥嶼-丁香魚的故鄉、漁村風味餐
/水上活動：珊瑚礁釣魚、浮潛、跳船HIGH 翻天、海上划水道、獨木舟體驗、船上盪鞦韆、SUP立槳、海上魔毯
/小荷蘭村環島：小荷蘭村享受無敵大海景下午茶時光、眺望東海七景島",,,8,https://www.google.com/maps/embed?pb=!1m14!1m8!1m3!1d14618.953581622285!2d119.60931100000002!3d23.649538!3m2!1i1024!2i768!4f13.1!3m3!1m2!1s0x346c4333df31750b%3A0xc64e25de9b1481a2!2z5bKQ6aCt6YGK5a6i5Lit5b-D!5e0!3m2!1szh-TW!2stw!4v1701831390799!5m2!1szh-TW!2stw,
24,dh-6,東海行程,晶翔號東海一日遊,"1,400/1,000","約4月1日－10中旬營業
/沙港碼頭報到
/行程約8小時
/開航時間約
,AM 08：00
,回航時間約
,PM 16：00
/開航前20分鐘辦理報到手續
/前一天專人會透過line通知具体開船時間(視潮汐及船班調度調整)","成人(3歲以上同成人)
/NT$1,000
/未滿3歲
/NT$150","沙港遊艇碼頭搭船出航～讓專業的為您導覽解說…
/員貝嶼巡航(文房四寶)、雞善嶼玄武岩保護區，定溝嶼野鳥賞燕鷗保護區及適量餵食燕鷗賞鷗秀
/海上垂釣(一人一桿)、提供釣具，釣餌，及釣魚教學主要以珊瑚礁魚區魚為主如紅新娘，碟魚等、體驗漁夫如何收取魚貨蟹類
戲玩野鰻遊戲、中午回港魚獲物料理品嘗、/沙港風味餐六菜一湯
/潮間帶活動、包含扒海瓜子，釣螃蟹，海底尋寶如海膽海星海參蟹類…等
/報墩(專人指導)、同心協力營造一個魚兒的家-漁村打雜樂",,,7,https://www.google.com/maps/embed?pb=!1m14!1m8!1m3!1d14623.796996186347!2d119.62928099999999!3d23.606153!3m2!1i1024!2i768!4f13.1!3m3!1m2!1s0x346c4466b44ef31b%3A0x70cd905c696c91b9!2z5r6O5rmW5pm257-U6Jmf5LiA5pel5ryB5aSr5aSc6Yej5bCP566h!5e0!3m2!1szh-TW!2stw!4v1701831654101!5m2!1szh-TW!2stw,
25,halfday-1,東海行程,白坑灣東海一日遊,650/600,"約4月1日－10中旬營業
/白坑碼頭報到
/行程約3小時
/開航時間
,上午時間 AM 09：00-12：00
,下午時間  PM 14：00-17：00
/開航前20分鐘辦理報到手續
/前一天專人會透過line通知具体開船時間(視潮汐及船班調度調整)","成人(5歲以上)
/NT$600
/未滿5歲
/免費","白坑碼頭搭船出航～
/東海無人島巡航(錠鈎嶼、雞善嶼燕鷗餵食秀)
/碳烤鮮蚵吃到飽、風如茶、活凍小管！","09:00
/14:00",,3,https://www.google.com/maps/embed?pb=!1m14!1m8!1m3!1d14625.118783185051!2d119.66004100000002!3d23.5943!3m2!1i1024!2i768!4f13.1!3m3!1m2!1s0x346c44646aaaaaab%3A0xa521668e73b4b5d9!2z5p2x5rW36YGK6ImHLeadsea1t-mWi-eZvOiCsuaoguaciemZkOWFrOWPuA!5e0!3m2!1szh-TW!2stw!4v1701831913401!5m2!1szh-TW!2stw,
26,halfday-2,專業浮潛,浮潛-陽光阿有,800/700,"約4月1日－10中旬營業
/陽光阿有專業浮潛報到
/行程約3小時
/上午時間
,AM 08：30-11：30
,下午時間
,PM 13：30-16：30
/開航前20分鐘辦理報到手續
/前一天專人會透過line通知具体出發時間(視天氣調整)","成人(3-80歲)
/NT$700","陽光阿有專業浮潛報到～
/專業教練浮潛教學-觀賞各種綺麗珊瑚、熱帶魚、海洋生物-生態介紹-提供麵線或甜點。
/教練學員比 1:6 。
/活動拍照上傳自由下載！",08:30/13:30,,8,https://www.google.com/maps/embed?pb=!1m14!1m8!1m3!1d14633.580935555814!2d119.59276600000001!3d23.518283!3m2!1i1024!2i768!4f13.1!3m3!1m2!1s0x346c50183071fa3d%3A0x53ee937ce7538a31!2z6Zm95YWJ6Zi_5pyJ!5e0!3m2!1szh-TW!2stw!4v1701831989218!5m2!1szh-TW!2stw,
27,halfday-3,專業浮潛,浮潛-樂福,700/650,"約4月1日－10中旬營業
/樂福海洋工坊報到
/行程約2小時
/上午時段
,AM 08：30、10：00
,下午時段
,PM 13：30、15：00
/開航前20分鐘辦理報到手續
/前一天專人會透過line通知具体出發時間(視天氣調整)","成人(3-80歲)
/NT$650","樂福海洋工坊報到～
/專業教練浮潛教學-觀賞各種綺麗珊瑚、熱帶魚、海洋生物-生態介紹-提供麵線或甜點。
/活動拍照上傳自由下載！",08:30/10:00/13:30/15:00,,8,https://www.google.com/maps/embed?pb=!1m14!1m8!1m3!1d14632.920404667932!2d119.596243!3d23.524225!3m2!1i1024!2i768!4f13.1!3m3!1m2!1s0x346c501b12ad7103%3A0x153168ed813d6ef6!2z5qiC56aP5rW35rSL5bel5Z2KLea9m-awtCDmta7mvZsg56uL5byP5YiS5qezU1VQIOa9rumWk-W4tg!5e0!3m2!1szh-TW!2stw!4v1701833413964!5m2!1szh-TW!2stw,
28,halfday-4,專業浮潛,深潛-海洋途徑,"2,800/2,800","約4月1日－10中旬營業
/海洋途徑報到
/行程約2小時
/上午時段
,AM 08：30、10：30
,下午時段
,PM 13：30、15：30
/提前10分鐘辦理報到手續
/前一天專人會透過line通知具体出發時間(視天氣調整)","成人
/NT$2,800","海洋途徑報到～
/全套裝備，專業教練全程陪同，更貼近海洋自然生態
/一對一体驗潛水
/活動拍照上傳自由下載！
/体驗潛水完，24小時不能搭飛機，船不受此限",08:30/10:30/13:30/15:30,,11,https://www.google.com/maps/embed?pb=!1m14!1m8!1m3!1d14632.800887569018!2d119.592609!3d23.5253!3m2!1i1024!2i768!4f13.1!3m3!1m2!1s0x346c50183aec2dcd%3A0xe196f78e2d582715!2z5rW35rSL6YCU5b6R5r2b5rC0!5e0!3m2!1szh-TW!2stw!4v1701833504039!5m2!1szh-TW!2stw,
29,halfday-5,專業浮潛,深潛-日日潛水,"2,650/2,600","約4月1日－10中旬營業
/日日潛水報到
/行程約2小時
/上午時段
,AM 08：30、10：30
,下午時段
,PM 13：30、15：30
/提前10分鐘辦理報到手續
/前一天專人會透過line通知具体出發時間(視天氣調整)","成人
/NT$2,600","日日潛水報到～
/全套裝備，專業教練全程陪同，更貼近海洋自然生態
/活動拍照上傳自由下載！
/体驗潛水完，24小時不能搭飛機，船不受此限",08:30/10:30/13:30/15:30,,7,https://www.google.com/maps/embed?pb=!1m14!1m8!1m3!1d14631.78450620266!2d119.602387!3d23.53444!3m2!1i1024!2i768!4f13.1!3m3!1m2!1s0x346c50011df8c9bd%3A0x4263d19e1d392e8b!2z5pel5pel5r2b5rC0!5e0!3m2!1szh-TW!2stw!4v1701833583667!5m2!1szh-TW!2stw,
30,halfday-6,本島行程,海洋牧場-和慶半潛艇,600/500,"約4月1日－10中旬營業
/南海遊客中心報到
/行程約2.5小時
/上午時段
,AM 08：30、10：00、11：30
,下午時段
,PM 13：00、14：30、16：00
/提前20分鐘辦理報到手續
/前一天專人會透過line通知具体出發時間(視天氣調整)","成人
/NT$500
/3-11歲
/NT$350
/未滿3歲
/NT$50","南海遊客中心報到～
/搭乘「最平穩」、「最舒適」彩繪半潛艇，漫遊澎湖灣內海悠美海景，聆聽「最專業」、「最逗趣」的解說，欣賞青灣海底珊瑚之美景。
/海上休閒平台上碳烤肥美鮮嫩「現撈牡蠣」及品嚐澎湖道地超美味「海鮮粥」，讓您暢快吃到飽，另設卡拉OK無限歡唱。
/海洋牧場上體驗「溜花枝」、「鬥海鱺」趣味及快感，親子生態觸摸池與海中生物嬉戲玩耍。
/專用釣具及釣餌海洋牧場活動體驗。",08:30/10:00/11:30/13:00/14:30/16:00,,9,https://www.google.com/maps/embed?pb=!1m14!1m8!1m3!1d14628.220341624186!2d119.572509!3d23.566465!3m2!1i1024!2i768!4f13.1!3m3!1m2!1s0x346c5aecf84d97fb%3A0x3687fef7e2484f3c!2z5Y2X5rW36YGK5a6i5Lit5b-D!5e0!3m2!1szh-TW!2stw!4v1701833663606!5m2!1szh-TW!2stw,
31,halfday-7,南海行程,金色雙島,800/650,"約4月1日－10中旬營業
/南海遊客中心報到
/行程約4小時
/行程時間
,PM 15：00
/提前20分鐘辦理報到手續
/前一天專人會透過line通知具体出發時間(視天氣調整)","成人(3歲以上)
/NT$650
/未滿3歲
/NT$100","南海遊客中心報到～
全程導遊隨隊專業解說
帶您感受桶盤玄武岩的壯闊，虎井島神秘國境，海上徐風賞夕陽",,,11,https://www.google.com/maps/embed?pb=!1m14!1m8!1m3!1d14628.220341624186!2d119.572509!3d23.566465!3m2!1i1024!2i768!4f13.1!3m3!1m2!1s0x346c5aecf84d97fb%3A0x3687fef7e2484f3c!2z5Y2X5rW36YGK5a6i5Lit5b-D!5e0!3m2!1szh-TW!2stw!4v1701833663606!5m2!1szh-TW!2stw,
32,halfday-8,夜釣,夜釣-馬公出發,550/400,"約4月1日－10中旬營業
/南海遊客中心報到
/行程約2小時
/行程時段
,PM 19：00、21：00
/提前20分鐘辦理報到手續
/前一天專人會透過line通知具体出發時間(視天氣調整)","和慶-夜釣
/NT$400

/海上皇宮-夜釣
/NT$400

/世記之星-夜釣
/NT$400

/得意遊艇-夜釣
/NT$450

/未滿3歲
/NT$50","南海遊客中心報到～
/專人講解夜釣小管技巧、欣賞海上夜景、品嚐小管麵(線)及沙西米(視釣況提供)。",19:00/21:00,,8,https://www.google.com/maps/embed?pb=!1m14!1m8!1m3!1d14628.220341624186!2d119.572509!3d23.566465!3m2!1i1024!2i768!4f13.1!3m3!1m2!1s0x346c5aecf84d97fb%3A0x3687fef7e2484f3c!2z5Y2X5rW36YGK5a6i5Lit5b-D!5e0!3m2!1szh-TW!2stw!4v1701833663606!5m2!1szh-TW!2stw,
33,halfday-9,夜釣,夜釣-岐頭出發,700/600,"約4月1日－10中旬營業
/岐頭遊客中心報到
/行程約3小時
/行程時間
,PM 18：00
/提前20分鐘辦理報到手續
/前一天專人會透過line通知具体出發時間(視天氣調整)","全票(3歲以上)
/NT$600
/未滿3歲
/NT$100","岐頭遊客中心報到～
/專人講解夜釣小管技巧後、開始體驗夜釣小管的樂趣，最後並有示範下網讓客人了解傳統捕撈小管的作業方式。
/行程最後將有準備小管三吃，讓大家品嚐小管鮮麵及小管生魚片、小管一夜干或小魚乾。",,,8,https://www.google.com/maps/embed?pb=!1m14!1m8!1m3!1d14618.953581622285!2d119.60931100000002!3d23.649538!3m2!1i1024!2i768!4f13.1!3m3!1m2!1s0x346c4333df31750b%3A0xc64e25de9b1481a2!2z5bKQ6aCt6YGK5a6i5Lit5b-D!5e0!3m2!1szh-TW!2stw!4v1701833902221!5m2!1szh-TW!2stw,
34,halfday-10,夜釣,夜釣小管+船上賞花火,700/500,"花火施放日
/南海遊客中心報到
/行程約2小時
/行程時間
,PM 19：00
/提前20分鐘辦理報到手續
/前一天專人會透過line通知具体出發時間(視天氣調整)","和慶-夜釣+花火
/NT$500

世記之星-夜釣+花火
/NT$550

/海上皇宮-夜釣+花火
//NT$550

/得意遊艇-夜釣+花火
/NT$550

/未滿3歲
/NT$50","南海遊客中心報到～
/專人講解夜釣小管技巧、欣賞海上夜景、品嚐小管麵(線)及沙西米(視釣況提供)。
/花火施放前結束夜釣，觀賞花火",,,6,https://www.google.com/maps/embed?pb=!1m14!1m8!1m3!1d14628.220341624186!2d119.572509!3d23.566465!3m2!1i1024!2i768!4f13.1!3m3!1m2!1s0x346c5aecf84d97fb%3A0x3687fef7e2484f3c!2z5Y2X5rW36YGK5a6i5Lit5b-D!5e0!3m2!1szh-TW!2stw!4v1701833663606!5m2!1szh-TW!2stw,
35,halfday-11,本島行程,海底漫步,"1,250/1,100","約4月1日－10中旬營業
/海底漫步報到
/行程約2小時
/上午時段
,AM 08：00、09：00
,下午時段
,PM 13：30、14：30
/提前20分鐘辦理報到手續
/前一天專人會透過line通知具体出發時間(視天氣調整)","A:海底漫步
/NT$1,150
/B:單浮潛行程
/NT$700
/C:逐浪竸速立槳SUP
/NT$1,000
/D:星光夜遊
/NT$600
/E:海底漫步+浮潛
/NT$1,500
/F:浮潛+立槳SUP
/NT$1,500","A:海底漫步<br> 
海底漫步+跳水+海底郵筒<br><br>
/B:單浮潛行程 <br> 
浮潛+跳水+看海底郵筒<br><br>
/C:逐浪竸速立槳SUP<br>  
SUP體驗<br><br>
/D:星光夜遊  <br> 
夜光沙上追幽靈，30高地看星星!!<br><br>
/E:海底漫步+浮潛 <br> 
海底漫步+浮潛+跳水+看海底郵筒
/F:浮潛+立槳SUP <br> 
浮潛+跳水+看海底郵筒+立槳SUP",,,10,https://www.google.com/maps/embed?pb=!1m14!1m8!1m3!1d14634.108846884279!2d119.59412300000001!3d23.513533!3m2!1i1024!2i768!4f13.1!3m3!1m2!1s0x346c501d70709377%3A0x8686267d2a8a5e7c!2z5rW36LOK5paH5YyW5Z-OIOa1t-W6lea8q-atpSDmta7mvZsgU1VQ!5e0!3m2!1szh-TW!2stw!4v1701834066885!5m2!1szh-TW!2stw,
36,halfday-12,水上活動,海漫娛樂,"1,500/1,250","約4月1日－10中旬營業
/海漫娛樂報到
/行程約2小時
/上午時段
,AM 08：00、09：00
,下午時段
,PM 13：30、14：30
/提前20分鐘辦理報到手續
/前一天專人會透過line通知具体出發時間(視天氣調整)","A:海底漫步
/NT$1,250
/B:單浮潛行程
/NT$700","A:海底漫步 <br> 
海底漫步+浮潛+跳水+海底郵筒<br><br>

/B:單浮潛行程 <br> 
浮潛+跳水+看海底郵筒<br><br>",08:00/09:00/13:30/14:30,,9,https://www.google.com/maps/embed?pb=!1m14!1m8!1m3!1d14634.339318095785!2d119.60102299999998!3d23.511459!3m2!1i1024!2i768!4f13.1!3m3!1m2!1s0x346c5020fbd25893%3A0x4d881ce1dd8fe9f5!2z5rW35ryr5aib5qiC!5e0!3m2!1szh-TW!2stw!4v1701834133326!5m2!1szh-TW!2stw,
37,halfday-13,本島行程,海次元-海洋生態教育遊程,800/800,"約4月1日－10中旬營業
/海次元報到
/行程約3小時
/報到時間
,依每天潮夕表
/提前20分鐘辦理報到手續
/前一天專人會透過line通知具体出發時間(視天氣調整)","海次元-海洋生態教育遊程
/NT$800","全程由專業教練帶領，探索澎湖潮間帶的豐富生態，有寄居蟹、各種貝類、海膽、海星...等生物
/提供全套裝備，讓您有場安全的探索體驗
寓教於樂的親子活動，提倡保育愛護海洋環境及生態教育
/提供料多豐盛的海鮮粥，滿足你的味蕾

/活動內容介紹 <BR>
(1).每天合併總人數10人以上才成行。欲參加活動必須提早預約報名 <BR><BR>

(2).報名後有任何原因想取消行程,必須在活動開始前48小時,聯絡本公司確認取消程序。若於活動前一天,臨時取消,恕不退費～<BR><BR>

(3).海報上日曆有每天報到時間表供您參考～<BR>
潮間帶活動全程大約3小時,不分老人,小孩,統一價格：800元。敬請當天穿著拖鞋,短褲來換防滑鞋,下潮間帶比較方便安全。<BR><BR>

(4).2歲左右嬰兒,還不會走路,不收取費用,但不提供任何裝備,爸媽要自行照顧並背好小孩子～2歲以上會走路的小朋友,必須使用本公司裝備,一律正常價格收費,提供海鮮粥點心及飲料並包含保險。因為老人及小孩安全性顧慮較高,教練全程照顧,所以同樣收費,感謝配合~<BR><BR>

(5).參加活動的貴賓必須先考量自身是否具備基本體能,可以走完全場活動<BR>
《白天會熱,晚上視線不佳,海邊崎嶇不平的環境,若無法克服者》本公司不建議參加活動喔～<BR><BR>

(6).潮間帶活動過程以：<BR>
導覽海洋生態為主<BR>
清理海漂垃圾為輔<BR>
撿拾海漂垃圾可與總教練換取獎品兌換券：澎湖十大伴手禮,手工貝殼巧克力！感謝貴賓一起來淨灘喔～<BR><BR>

(7).活動過程嚴禁故意傷害海洋生物！農漁局規範明載之保育類生物不可觸摸,捕捉或破壞。違反者依法處理！<BR><BR>

(8).為了貴賓活動的安全與遵守政府保育的法規：活動進行中,若有旅客違反規定或脫隊亂跑者,影響活動品質或造成安全疑慮,教練得立刻禮遇其退場且不退費！<BR><BR>

",,,6,https://www.google.com/maps/embed?pb=!1m18!1m12!1m3!1d3658.054109390176!2d119.60387245855979!3d23.53055618540332!2m3!1f0!2f0!3f0!3m2!1i1024!2i768!4f13.1!3m3!1m2!1s0x346c4f005adbaccd%3A0xf77bf1b7812bd9ce!2z5rW35qyh5YWD!5e0!3m2!1szh-TW!2stw!4v1703488514422!5m2!1szh-TW!2stw,
38,halfday-14,吉貝,吉貝水上活動,"1,200/500","約4月1日－10中旬營業
/北海遊客中心報到
/行程約3-6小時
/出發時間
,AM 08：30、09：30 、10：30、11：30
,PM 13：30、15：30

,回程時間
搭船報到現場預訂回程時間、約每個小時一班，船班請依現場安排為主, 搭船時間約20分鐘。
/提前20分鐘辦理報到手續
/前一天專人會透過line通知具体出發時間(視天氣調整)","方案A：吉貝船票+機車
/NT$450
/方案B：吉貝船票+水上活動+機車
/NT$850
/方案C：吉貝船票+目斗嶼船票+機車
/NT$850
/嬰兒(未滿3歲)：
/NT$100
/吉貝機車為兩人共騎1台機車，若為1人騎1台車需補$100元差額
/NT$100","八合一水上活動無限暢玩：香蕉船、衝浪飛艇、滑水漢堡、海上戰車、水上超人、水上摩托車、海陀螺以及動力浮潛(6歲以上)。
/目斗嶼登島約30分鐘",08:30/09:30/10:30/11:30/13:30/15:30,,9,https://www.google.com/maps/embed?pb=!1m14!1m8!1m3!1d14616.807903620536!2d119.60303000000002!3d23.668734!3m2!1i1024!2i768!4f13.1!3m3!1m2!1s0x346c5d2b352cba51%3A0xe1f33789f1ae869a!2z5YyX5rW36YGK5a6i5pyN5YuZ5Lit5b-D!5e0!3m2!1szh-TW!2stw!4v1701835570165!5m2!1szh-TW!2stw,
39,halfday-15,夜釣,海派對,"2,800/2,500","約4月1日－10中旬營業
/南海遊客中心報到
/行程約3小時
/出發時間
,PM 18：30
/提前20分鐘辦理報到手續
/前一天專人會透過line通知具体出發時間(視天氣調整)","大人
/NT$2,500
/7-11歲
/NT$1,800
/未滿7歲
/NT$1,500",現場live駐唱+海上專人豪華bbq +啤酒飲料暢飲+体驗夜釣小管+豪華遊艇歡唱ktv+求婚慶生派對企劃,,,12,https://www.google.com/maps/embed?pb=!1m14!1m8!1m3!1d14628.220341624186!2d119.572509!3d23.566465!3m2!1i1024!2i768!4f13.1!3m3!1m2!1s0x346c5aecf84d97fb%3A0x3687fef7e2484f3c!2z5Y2X5rW36YGK5a6i5Lit5b-D!5e0!3m2!1szh-TW!2stw!4v1701835635624!5m2!1szh-TW!2stw,
40,halfday-16,本島行程,陽光沙灘-水上活動嗨翻天,"1,000/800","約4月1日－10中旬營業
/陽光沙灘俱樂部報到
/提前20分鐘辦理報到手續
/前一天專人會透過line通知具体出發時間(視天氣調整)","水上活動嗨翻天 全票(6歲以上)
/NT$800

/透明獨木舟
/NT$1,000

/彩色SUP 立式划槳
/NT$1,000","水上活動嗨翻天 <br>
在澎湖本島隘門沙灘進行水上活動，省去搭船的時間及暈船的苦惱。由專業教練帶領一次體驗水上摩托車、香蕉船、海戰車、拖曳圈、大力水手、快樂麥當勞、海曼波等活動無限暢玩，同場次至少五項活動器材依當日現場提供為主！
<br><br>
水上活動嗨翻天(一票玩到底) <br>
上午活動時間 09:30-12:00, 報到至11:00<br>
下午活動時間 13:30-17:00, 報到至16:00<br>
12:00 - 13:30 休息時間<br><br>


/透明獨木舟&彩色SUP 立式划槳 <br>
由專業教練帶領體驗最熱門的透明獨木舟，輕鬆欣賞海面下的景色，亦或是站在SUP上，享受海風吹拂的愜意感，來到澎湖的你一定不能錯過<br><br>
透明獨木舟&彩色SUP 立式划槳<br>
活動場次：<br>
08:00、10:00、13:30、15:30<br>
活動時間：約 2 小時<br>
全票贈一精美手作相框與照片一組三張",08:00/10:00/13:30/15:30,,9,https://www.google.com/maps/embed?pb=!1m14!1m8!1m3!1d14629.505971041144!2d119.63839000000002!3d23.554918!3m2!1i1024!2i768!4f13.1!3m3!1m2!1s0x346c4547ad1fc311%3A0xec34a15171d031ed!2z6Zm95YWJ5rKZ54GY5L-x5qiC6YOo!5e0!3m2!1szh-TW!2stw!4v1701835836473!5m2!1szh-TW!2stw,
41,halfday-17,花火專船,澎湖花火節-海上花火專船,350/330,"花火施放日
/南海遊客中心報到
/行程約1小時
/行程時間
,PM 20：30
/提前20分鐘辦理報到手續
/前一天專人會透過line通知具体出發時間(視天氣調整)","成人(3歲以上)
/NT$330
/未滿3歲
/NT$50","南海遊客中心報到～
/預訂海上花火專船享受最佳的觀賞體驗。避開擁擠人群，從船上近距離欣賞美麗的夜景及花火。",,,5,https://www.google.com/maps/embed?pb=!1m14!1m8!1m3!1d14628.220341624186!2d119.572509!3d23.566465!3m2!1i1024!2i768!4f13.1!3m3!1m2!1s0x346c5aecf84d97fb%3A0x3687fef7e2484f3c!2z5Y2X5rW36YGK5a6i5Lit5b-D!5e0!3m2!1szh-TW!2stw!4v1701835997491!5m2!1szh-TW!2stw,
42,halfday-18,本島行程,水族館門票,300/250,"全年使用
/水族館報到","成人
/NT$250
/學生、軍警
/NT$210
/未滿6歲
/免費","水族館報到
/澎湖水族館2019年全新開幕，澎湖必去景點！擁有全新海底隧道、海星觸摸池、趣味餵食秀，大人小孩同樂之餘，也能體會其中的教育意義，更加了解海洋生態維護及環境保育的重要性。",,,9,https://www.google.com/maps/embed?pb=!1m14!1m8!1m3!1d14618.94576018868!2d119.603863!3d23.649608!3m2!1i1024!2i768!4f13.1!3m3!1m2!1s0x346c433347e4bc41%3A0xe74127671f1f4c9a!2z5r6O5rmW5rC05peP6aSo!5e0!3m2!1szh-TW!2stw!4v1701836089772!5m2!1szh-TW!2stw,
43,halfday-19,水上活動,海玩子拖曳傘 ,"1,500/1,200","約4月1日－10中旬營業
/南海遊客中心報到
/行程約2小時
/出發時間
,11：00、13：00 、15：00、17：00
/提前20分鐘辦理報到手續
/前一天專人會透過line通知具体出發時間(視天氣調整)","成人
/NT$1,200","南海遊客中心報到
/拖曳傘可以享受到在高空飛行的樂趣，而且又不像飛行傘那麼折磨心臟，非常適合新手體驗！",11:00/13:00/15:00/17:00,,6,https://www.google.com/maps/embed?pb=!1m14!1m8!1m3!1d14628.220341624186!2d119.572509!3d23.566465!3m2!1i1024!2i768!4f13.1!3m3!1m2!1s0x346c5aecf84d97fb%3A0x3687fef7e2484f3c!2z5Y2X5rW36YGK5a6i5Lit5b-D!5e0!3m2!1szh-TW!2stw!4v1701836174608!5m2!1szh-TW!2stw,
44,halfday-20,水上活動,玄安海洋文化休閒活動,"1,600/1,500","約4月1日－10中旬營業
/井垵碼頭報到
/行程約4-5小時
/上午時間
,AM 08：30   Fun 游海灣

,下午時間
,PM 16：30  夕遊澎湖灣
/提前20分鐘辦理報到手續
/前一天專人會透過line通知具体出發時間(視天氣調整)","A:Fun 游海灣
/NT$1,500
/B:夕遊澎湖灣
/NT$1,500","A:Fun 游海灣<br>
出港拍照、內灣巡航解說、定錨介紹~超越自我跳水趣、360 度旋轉滑水道、海上霸主擂台挑戰恐懼臨界點-高台跳水、可愛造型浮具、海上天堂路（限定5歲以下）、翻滾吧！弹跳包<br>
挑逗妳的運動神經-海上平衡道、創意 sup 體驗、漁人點心、午餐料理加個蚵丫蒸籠<br><br>

/B:夕遊澎湖灣<br>
出港拍照、內灣巡航解說、定錨介紹~超越自我跳水趣、360 度旋轉滑水道、海上霸主擂台挑戰恐懼臨界點-高台跳水、可愛造型浮具、海上天堂路（限定5歲以下）、翻滾吧！弹跳包<br>
挑逗妳的運動神經-海上平衡道、創意 sup 、體驗漁人不搭嘎下午茶、飲料漁人蒸籠好料理<br>
夜間休間首選-夜釣小管<br>
=如遇花火施放曰，延後進港= 可船上看花火",08:30/16:30,,7,https://www.google.com/maps/embed?pb=!1m14!1m8!1m3!1d14633.038471385722!2d119.579314!3d23.523163!3m2!1i1024!2i768!4f13.1!3m3!1m2!1s0x346c506b39747ea1%3A0x981e4e172be2ace0!2z5LqV5Z615ryB5riv!5e0!3m2!1szh-TW!2stw!4v1701836264787!5m2!1szh-TW!2stw,
45,halfday-21,本島行程,小池角水上樂園,"1,400/1,200","約4月1日－10中旬營業
/小池角雙曲橋入口報到
/行程約4小時
/視潮汐而訂
/提前20分鐘辦理報到手續
/前一天專人會透過line通知具体出發時間(視天氣調整)","A:獨木舟+水上腳踏車
/NT$1,200
/B:sup+水上腳踏車
/NT$1,200
/C:樂活潮間帶
/NT$690","A:獨木舟+水上腳踏車<br>
1. 換裝.著救生衣及膠鞋<br>
2. 獨木舟教學及安全解說<br>
3. 繞行雙曲橋.池西岩瀑.一周後返程<br>
4. 返回下水處換乘水上腳踏車在雙曲橋處遊玩<br>
5. 返回基地進行盥洗<br>
6. 享用小池角造型雞蛋糕+古早味紅茶<br><br>


/B:sup+水上腳踏車<br>
1. 換裝.著救生衣及膠鞋<br>
2. 獨木舟教學及安全解說<br>
3. 繞行雙曲橋.池西岩瀑.一周後返程<br>
4. 返回下水處換乘水上腳踏車在雙曲橋處遊玩<br>
5. 返回基地進行盥洗<br>
6. 享用小池角造型雞蛋糕+古早味紅茶<br><br>

/C:樂活潮間帶<br>
1. 換裝.著救生衣及膠鞋<br>
2. 傳統抱礅抓魚<br>
3. 撿拾珠螺沙螺<br>
4. 體驗漁網抓魚.螃蟹<br>
5. 返回基地進行盥洗<br>
6. 享用小池角造型雞蛋糕+古早味紅茶",,,7,https://www.google.com/maps/embed?pb=!1m14!1m8!1m3!1d14624.627744307225!2d119.504467!3d23.598704!3m2!1i1024!2i768!4f13.1!3m3!1m2!1s0x346c59820538d5f9%3A0xe313ac3a4fc0266b!2z5bCP5rGg6KeS6ZuZ5puy5qmL!5e0!3m2!1szh-TW!2stw!4v1701836365602!5m2!1szh-TW!2stw,
46,halfday-22,水上活動,元貝田媽媽-龍瑩海上休閒,980/980,"約4月1日－10中旬營業
/岐頭遊客中心報到
/行程約3.5小時
/行程時段
,上午班次<br>08:30-12:00
,下午班次<br>13:00-16:30
,星海遊  <br>  17:30-20:30
/提前20分鐘辦理報到手續
/可包船","成人
/NT$980
/未滿3歲
/NT$100","A:半日遊<br>
1. 小管半日干DIY<br>
2. 員貝島巡航<br>
3. 員貝登島 ＆ 潮間帶生態解說<br>
4. 賞鷗 - 錠鉤嶼、雞善嶼<br>
5. 海釣高手<br>
6. 登陸澎澎灘<br>
7.高級音響設備提供 (限包船)<br><br>


/B:星海遊<br>
1. 員貝島巡航<br>
2. 員貝登島<br>
3. 登陸澎澎灘<br>
4. 夜釣小管<br>
5. 夜遊東海<br>
6. 夯小管<br>
7.高級音響設備提供 (限包船)<br><br>

/C: 東北海-客制化包船<br>
1. 38呎遊艇 (上限20人)  包船3小時以上  23100起<br>
2. 53呎遊艇 (上限40人)  包船3小時以上  50000起",,,6,https://www.google.com/maps/embed?pb=!1m14!1m8!1m3!1d14618.953581622285!2d119.60931100000002!3d23.649538!3m2!1i1024!2i768!4f13.1!3m3!1m2!1s0x346c4333df31750b%3A0xc64e25de9b1481a2!2z5bKQ6aCt6YGK5a6i5Lit5b-D!5e0!3m2!1szh-TW!2stw!4v1701836459281!5m2!1szh-TW!2stw,
47,halfday-23,水上活動,豪野人,"3,600/1,600","約4月1日－10中旬營業
/南海遊客中心7-11前-「蠔野人集合處」, (花火場次-集合地點：亞果遊艇碼頭)
/行程約2-8小時
/提前20分鐘辦理報到手續
/前一天專人會透過line通知具体出發時間(視天氣調整)","A:徜徉紫色珊瑚海一日遊
/NT$3,600
/B:薰衣草森林半日遊包船價
/NT$23,000
/C:浪漫夕陽晚餐
/NT$1,600
/D:浪星空花火海上盛宴
/NT$1,600
","A:徜徉紫色珊瑚海一日遊<br>
1.活動時長 8H <br>
2.兩大熱門潛水景點『薰衣草森林』、『海底花園』<br>
3.登上『東嶼坪嶼』探索原生態之美<br>
4.巡航秘境景點『藍洞』<br>
5.餐食：海鮮風味午餐、自家養殖現蒸牡蠣、酒水飲料<br>
6.費用包含：救生衣、面鏡、呼吸管、全新咬嘴、毛巾<br>
7.參加行程者皆投保200萬乘客險、300萬公共意外責任險<br>
8.凡包船即贈送氣泡酒乙支<br><br>
/B:薰衣草森林半日遊(包船)<br>
1.活動時長 4H • 盡情的擁抱大海，享受日曬<br>
2.依潮汐及天氣狀況擇一『東吉嶼』、「東嶼坪嶼』、『將軍嶼』。<br>
3.體驗浮潛、玩水，拍照必備造型充氣浮具。<br>
4.餐食：海鮮風味午餐、自家養殖現蒸牡蠣、酒水飲料<br>
5.費用包含：救生衣、面鏡、呼吸管、全新咬嘴、毛巾<br>
6.參加行程者皆投保200萬乘客險、300萬公共意外責任險<br>
7.凡包船即贈送氣泡酒乙支<br><br>
/C:浪漫夕陽晚餐<br>
1.活動時長 2H-2.5H<br>
2.適合害怕曬太陽的你<br>
3.錨泊在海中央，夕陽落下，享受海風輕輕吹過<br>
4.體驗SUP立槳、網美照首選造型充氣浮具<br>
5.餐食：PIZZA、海鮮、自家養殖現蒸牡蠣<br>
6.啤酒、汽水、飲料無限暢飲<br>
7.費用包含：救生衣、SUP立獎、充氣浮具、毛巾<br>
8.參加行程者皆投保200萬乘客險、300萬公共意外責任險<br>
9.凡包船即贈送氣泡酒乙支",,,11,https://www.google.com/maps/embed?pb=!1m14!1m8!1m3!1d14628.220341624186!2d119.572509!3d23.566465!3m2!1i1024!2i768!4f13.1!3m3!1m2!1s0x346c5aecf84d97fb%3A0x3687fef7e2484f3c!2z5Y2X5rW36YGK5a6i5Lit5b-D!5e0!3m2!1szh-TW!2stw!4v1701836542569!5m2!1szh-TW!2stw,
48,halfday-24,水上活動,春帆號,"41,800/41,800","約4月1日－10中旬營業
/亞果遊艇碼頭報到
/行程約2-8小時
/提前20分鐘辦理報到手續
/前一天專人會透過line通知具体出發時間(視天氣調整)","A:探索秘境沙洲
/NT$52,800

/B:海上花火饗宴
/NT$41,800


/C:探索秘境沙洲+海上花火饗宴
/NT$90,000


/D:南方四島一日遊
/NT$108,000
","最新雙船體豪華遊艇-春帆號 <br>

春帆遊艇適合15~30⼈同時上船
遊玩，雙船體構造讓航海更穩定。
船上設備提供浴室、廁所、廚房、KTV。
海上設備提供溜滑梯、海上游泳池、spu、⼤型龍⾈板、透明獨⽊⾈、救⽣衣。
可以客製化求婚、外燴、DJ活動。<br><br>

/A:探索秘境沙洲-包船（上限30人)<br>
時段 10:00-13:00、15:00-18:00 <br>
⾏程提供：啤酒暢飲、點⼼（限量）、透明獨⽊⾈兩艘、SUP兩具、救⽣衣、KTV<br><br>

/B:海上花火饗宴-包船（上限30人）<br>
時段 20:00-22:00 <br>
船上提供：基本餐食pizza、炸物、啤酒、KTV。 如需辦外燴服務價格則需另計<br><br>

/C:探索秘境沙洲+海上花火饗宴-包船（上限30人）<br>
時段 16:00-22:00 <br>
可於艇上辦party、啤酒飲料暢飲。如需DJ活動、烤⾁或外匯食材費⽤另計！<br><br>

/D:南方四島一日遊-包船（上限30人）<br>
時段 08:00-18:00",,,11,https://www.google.com/maps/embed?pb=!1m14!1m8!1m3!1d14628.507201927912!2d119.569594!3d23.563889!3m2!1i1024!2i768!4f13.1!3m3!1m2!1s0x346c5a8d652b471f%3A0xb677c7c3385b0e90!2z5Lqe5p6c6YGK6ImH5pyDLea-jua5luS6nuaenOmBiuiJh-eivOmgrQ!5e0!3m2!1szh-TW!2stw!4v1701836630255!5m2!1szh-TW!2stw,
49,halfday-25,夜釣,阿里巴巴-夜釣小管,700/700,"約4月1日－10中旬營業
/山水漁港報到
/行程約2小時
/行程時間
,18:30-20:30
/提前20分鐘辦理報到手續
/前一天專人會透過line通知具体出發時間(視天氣調整)","成人
/NT$700
/未滿3歲
/NT$100","A:釣點說明<br>
位於鎖港外海，鎖港舊名為「小管港」，每到夏季是眾多小管洄游地而聞名，釣到小管的機會當然也大為增加。<br><br>

/B:船上會準備五道美食<br>
1.小管麵線<br>
2.小管沙拉<br>
3.鮮蝦乙隻<br>
4.在地魚丸<br>
5.小管沙西米（視釣況提供）<br><br>

/C:船上提供 <br>
1.釣具<br>
2.救生衣<br>
3.冰涼礦泉水<br>
4.舒適座椅<br>
5.室內冷氣<br>
6.化妝室 <br><br>

/貼心提醒: <br>
如有吃素、不吃海鮮、對海鮮過敏者，請自行另外準備晚餐。另外想帶自己的釣竿或假餌前來體驗，我們很樂意為各位更換釣具，下船時請記得帶走喲。",,,7,https://www.google.com/maps/embed?pb=!1m18!1m12!1m3!1d3658.5079640342383!2d119.59496917494259!3d23.514225797802936!2m3!1f0!2f0!3f0!3m2!1i1024!2i768!4f13.1!3m3!1m2!1s0x346c50221c29e1c7%3A0xb053db75e3820483!2z5bGx5rC05ryB5riv!5e0!3m2!1szh-TW!2stw!4v1702971733110!5m2!1szh-TW!2stw,
50,halfday-26,夜釣,阿里巴巴-夜釣小管(花火場),800/800,"僅適用花火節時段
/山水漁港報到
/行程約3小時
/行程時間
,18:50-21:50
/提前20分鐘辦理報到手續
/前一天專人會透過line通知具体出發時間(視天氣調整)","成人
/NT$800
/未滿3歲
/NT$100","A:釣點說明<br>
位於鎖港外海，鎖港舊名為「小管港」，每到夏季是眾多小管洄游地而聞名，釣到小管的機會當然也大為增加。<br><br>

/B:船上會準備五道美食<br>
1.小管麵線<br>
2.小管沙拉<br>
3.鮮蝦乙隻<br>
4.在地魚丸<br>
5.小管沙西米（視釣況提供）<br><br>

/C:船上提供 <br>
1.釣具<br>
2.救生衣<br>
3.冰涼礦泉水<br>
4.舒適座椅<br>
5.室內冷氣<br>
6.化妝室 <br><br>

/貼心提醒: <br>
如有吃素、不吃海鮮、對海鮮過敏者，請自行另外準備晚餐。另外想帶自己的釣竿或假餌前來體驗，我們很樂意為各位更換釣具，下船時請記得帶走喲。",,,8,https://www.google.com/maps/embed?pb=!1m18!1m12!1m3!1d3658.5079640342383!2d119.59496917494259!3d23.514225797802936!2m3!1f0!2f0!3f0!3m2!1i1024!2i768!4f13.1!3m3!1m2!1s0x346c50221c29e1c7%3A0xb053db75e3820483!2z5bGx5rC05ryB5riv!5e0!3m2!1szh-TW!2stw!4v1702971733110!5m2!1szh-TW!2stw,
51,halfday-27,水上活動,澎湖休閒工作坊-獨木舟體驗,"1,500/400","""約4月1日－10中旬營業
/澎湖休閒工作坊報到
/行程約2-2.5小時
/行程時間
,09:00-11:30
,15:00-17:30
/提前20分鐘辦理報到手續
/前一天專人會透過line通知具体出發時間(視天氣調整)""","A:風帆三合一
/NT$1,500

/B:獨木舟跨島
/NT$800


/C:獨木舟體驗
/NT$400


/D:SUP+滑水
/NT$1,200

/E:SUP+獨木舟
/NT$900

/F:未滿5歲(需有親友陪同)
/NT$100","A:風帆三合一 <br> 
風帆 x滑水 x 獨木舟體驗<br>
活動場次<br>
上午08:30-11:30 <br>下午14:30-17:30<br>
活動限制：9歲以上，100公斤以下<br><br>

/B:獨木舟跨島 <br> 
教練帶隊 x 小島漫遊x 導覽解說 x 闔家首選<br>
活動場次<br>
上午09:00-11:30<br>
下午15:00-17:30<br><br>

/C:獨木舟體驗 <br> 
基地附近體驗獨木舟<br><br>

/D:SUP+獨木舟 <br> 
活動場次<br>
上午08:00-10:00、10:00-12:00<br>
下午14:00-16:00、16:00-18:00<br><br>

/E:SUP+獨木舟 <br> 
活動場次<br>
上午08:00-10:00、10:00-12:00<br>
下午14:00-16:00、16:00-18:00<br><br>",,,10,https://www.google.com/maps/embed?pb=!1m18!1m12!1m3!1d3658.323680348643!2d119.57343907494295!3d23.520857897550766!2m3!1f0!2f0!3f0!3m2!1i1024!2i768!4f13.1!3m3!1m2!1s0x346c506a6b2cd6e9%3A0x97ff183f121f0037!2z5r6O5rmW5LyR6ZaS5bel5L2c5Z2KLVNVUOOAgemiqOW4huOAgea7keawtOOAgeeNqOacqOiInw!5e0!3m2!1szh-TW!2stw!4v1702972674104!5m2!1szh-TW!2stw,
52,halfday-28,夜釣,黃昏之旅,"1,000/950","約4月1日－10中旬營業
/光正碼頭報到
/行程約4小時
/行程時間
,17:00-21:00
/提前20分鐘辦理報到手續
/前一天專人會透過line通知具体出發時間(視天氣調整)","成人
/NT$950
/未滿3歲
/NT$100","出發巡航至大倉島，航程中導覽員提供專業的解說，讓您能夠充分了解沿途中景點的歷史與典故→船在跨海大橋前方停留5-10分鐘，讓您盡興的拍攝跨海大橋與夕陽的美景，接著船會穿越跨海大橋底下的吼門水道→踏上全澎湖最大的無人島－姑婆嶼，帶著您走上制高點遠眺全島的美麗樣貌，日落後便在島上享用晚餐→夜釣小管→返回南海遊客中心。<br><br>
/共有三個停留點，分別是跨海大橋、鐵鉆嶼以及姑婆嶼 (登島)<br><br>

/PS:若當日有花火節，因時序問題以看煙火為主取消夜釣小管",,,9,https://www.google.com/maps/embed?pb=!1m18!1m12!1m3!1d3657.0845686621924!2d119.5693047749442!3d23.565405995854032!2m3!1f0!2f0!3f0!3m2!1i1024!2i768!4f13.1!3m3!1m2!1s0x346c5aece3d721bb%3A0x3738fb156467bc23!2z5YWJ5q2j56K86aCt!5e0!3m2!1szh-TW!2stw!4v1703043690012!5m2!1szh-TW!2stw,
53,halfday-29,水上活動,AJH 三傻遊艇,"52,000/52,000","約4月1日－10中旬營業
/北海後寮遊艇港報到
/行程約2-4小時
/行程時段
,10:00-14:00、16:00-19:00、20:00-22:00
/提前20分鐘辦理報到手續
/前一天專人會透過line通知具体出發時間(視天氣調整)","A:神秘跳島派對
/NT$52,000

/B:⼣陽派隊
/NT$45,000


/C:海上花⽕節
/NT$45,000


","

A:神秘跳島派對（包船)<br>
時段 10:00-14:00 <br>
三傻遊艇將停泊於澎湖北海後寮遊
艇港， 預計9:30–10:00 集合登船，出發-沿
途欣 賞澎湖特有的美景，我們將會依據天氣
情 況及⽔流狀況安排我們的跳島路線，沿途
我們會經過許多⼩島，航程中也能看⾒海 龜
們與我們揮舞，航⾏約30分鐘我們將抵 達我
們選擇的停靠點，依據不同的島嶼我 們會有
不同的⽅式去認識他，有的我們能 上島體
驗，有的我們只能觀察他，結束巡航旅程，
我們將直接開啟派對模式，我們提供最夯的
⽔上設施，也提供⾼級的浮淺 ⾯鏡，及安全
救護船隨時在身邊保護貴賓安全，玩⽔累了
我們提供⽇式私廚料理，廚師親⾃會您服務
喝著美酒，與三五好友享受著三傻遊艇上的
悠閒美好時光,船上也準備了KTV設備，可
供搭船的貴賓⼤展歌喉，時間很快，回程享
受美景拍 照，回港前⼀定要來個⼤合照，結
束⼀個 難忘的三傻派對。<br><br>
內容包含:船長.⽔⼿. 私廚廚
師.保險. ⽇料餐食 .酒⽔暢
飲. 迎賓⼩點.迎賓⾹
檳.KTV.<br>
⽔上設施 (浮潛⽤具. 救⽣
衣.SUP槳板，安全救護
船，SUP龍⾈板，海上溜滑梯) <br>
⼈數限制:22⼈, 建議⼈
數15-18⼈<br><br>


/B:⼣陽派隊（包船）<br>
時段 16:00-19:00 <br>
三傻遊艇將停泊於澎湖北海後寮遊
艇港， 預計3:30–4:00 集合登船，出發-沿途
欣賞 澎湖特有的美景，我們將會依據天氣情
況 及⽔流狀況安排我們的跳島路線，沿途我
們會經過許多⼩島，航⾏約30分鐘我們將 抵
達我們選擇的停靠點，依據不同的島嶼 我們
會有不同的⽅式去認識他，有的我們能上島
體驗，有的我們只能觀察，結束巡航旅
程，我們將直接開啟派對模式，我們提供最
夯的⽔上設施，也提供⾼級的浮淺⾯鏡，及
安全救護船隨時在身邊保護貴賓安全，玩⽔
累了我們提供⽇式私廚料理，廚師親⾃會您
服務喝著美酒，與三五好友享受著三傻遊艇
上的悠閒美好時光 ，船上也準備了KTV設
備，可供搭船的貴賓⼤展歌喉，⼣陽西下，
回港前⼀定要來個⼤合照，結束⼀個難忘的
⼣陽派對。<br><br>
內容包含:船長.⽔⼿. 私廚廚
師.保險. .救⽣衣.SUP槳板，安全救護船， SUP龍
⾈板,⽇料餐食 ,酒⽔暢飲.
迎賓⼩點.迎賓⾹ 檳.KTV <br>
⼈數限制:22⼈, 建議⼈數
15-18⼈ (如需海上溜滑梯須
加 購時間)<br><br>


/C:海上花⽕節（包船 ）<br>
時段 20:00-22:00 <br>
⾏程說明 花⽕包船三傻遊艇將停泊於澎湖市中⼼亞果碼頭，預計19:50集合登船，出發-
沿途 欣賞澎湖市區港景，我們將會依據天氣
情 況及⽔流狀況安排我們的停泊位置，選擇
最合適我們的地點，船上我們提供⽇式私 廚
料理，廚師親⾃會您服務，船上也提供 ⽇式
啤酒,清酒暢飲. 船上也準備了KTV設備，可
供搭船的貴賓 ⼤展歌喉，喝著美酒，與三五
好友享受著 三傻遊艇上的悠閒美好時光，
21:00重頭戲海上花節開始，長達15分鐘的
煙⽕秀絕 對讓您站嘆不已，煙⽕結束後我們
不急， 我們浪漫的找尋⼀個最厲害的地⽅⼀
定要 來個⼤合照，讓您結束⼀個難忘的花⽕
派對。<br><br>
內容包含:船長.⽔⼿. 私廚廚
師.保險. ⽇料餐食 .酒⽔暢飲. 迎賓⼩點.迎賓檳.KTV<br>
⼈數限制:22⼈, 建議⼈數
15-18⼈<br>",,,11,https://www.google.com/maps/embed?pb=!1m18!1m12!1m3!1d3654.1304119599004!2d119.5654940821955!3d23.671293836969937!2m3!1f0!2f0!3f0!3m2!1i1024!2i768!4f13.1!3m3!1m2!1s0x346c5ce2984ee925%3A0x70e836aeffc15cf8!2z5b6M5a-u56K86aCt!5e0!3m2!1szh-TW!2stw!4v1703056273819!5m2!1szh-TW!2stw,
54,halfday-30,本島行程,海洋牧場-海上皇宮,950/500,"""約4月1日－10中旬營業
/南海遊客中心報到
/行程約2.5小時
/上午時段
,AM 08：30、10：00、11：30
,下午時段
,PM 13：00、14：30、16：00、18：00、19：00
/提前20分鐘辦理報到手續
/前一天專人會透過line通知具体出發時間(視天氣調整)""","A:海上牧場
/NT$500

/B:海上牧場(3-12歲)
/NT$400

/C:夕遊海皇海牧+夜釣
/NT$750

/D:夕遊海皇海牧+夜釣 (3-12歲)
/NT$500


/E:夕遊海皇海牧+夜釣+海上賞花火
/NT$950

/F:夕遊海皇海牧+夜釣+海上賞花火(3-12歲)
/NT$700

/G:未滿3歲
/NT$50

","A:海上牧場 <br>
牡蠣炭烤、海產粥吃到飽、誘釣海中力士海鱺魚、迦納、紅魽魚、石斑、熱帶魚群、餵溜烏賊.花枝招展噴水秀(季節性替換)、卡拉 OK 歡唱、沿岸景觀灣岸巡航遊覽。<br><br>


/B:夕遊海皇海牧+夜釣、BBQ<br>
澎湖灣賞夕陽、牡蠣夯到飽、海產粥吃到飽、箱網釣魚體驗、卡拉 OK 無限歡唱、附贈平台夜釣小管體驗。<br><br>


/C:夕遊海皇海牧+夜釣+海上賞花火<br>
澎湖灣賞夕陽、牡蠣夯到飽、海產粥吃到飽、箱網釣魚體驗、卡拉 OK 無限歡唱、附贈平台夜釣小管體驗。
花火日用餐後直達施放煙火現場賞花火。<br><br>


/D:夜釣小管<br>
卡拉 OK 歡唱，品嘗小管麵線<br><br>


/E:夜釣小管+賞花火<br>
卡拉 OK 歡唱，品嘗小管麵線+觀音亭花火<br><br>",,,9,https://www.google.com/maps/embed?pb=!1m14!1m8!1m3!1d14628.220341624186!2d119.572509!3d23.566465!3m2!1i1024!2i768!4f13.1!3m3!1m2!1s0x346c5aecf84d97fb%3A0x3687fef7e2484f3c!2z5Y2X5rW36YGK5a6i5Lit5b-D!5e0!3m2!1szh-TW!2stw!4v1701833663606!5m2!1szh-TW!2stw,
55,nh-1,南海行程,藍洞+南方四島+七美,"1,500/1,300","約4月1日－10中旬營業
/南海遊客中心報到
/行程約8小時
/開航時間約
,AM 08：00
,回航時間約
,PM 16：00
/開航前20分鐘辦理報到手續
/前一天專人會透過line通知具体開船時間(視潮汐及船班調度調整)","成人(3歲以上同成人)
/NT$1,300
/未滿3歲
/NT$100
/七美島上機車為兩人一台，單人騎乘需補價差
/NT$100","南海遊客中心搭船出航～讓專業的為您導覽解說…
/東吉（徒步登島70 - 80分鐘）─西吉藍洞(巡航)─東、西嶼坪(巡航)─鐵占、 頭巾嶼(順道觀覽)─七美（登島約 3 小時）＋領隊隨船導覽。
澎湖南方四島位於澎湖南方的東嶼坪嶼、西嶼坪嶼、東吉嶼、西吉嶼合稱澎湖南方四島
/登島東吉嶼及搭船前往澎湖秘境景點－藍洞，行程中將巡航至西吉嶼，船長將以船隻近距離靠近藍洞，但不會進入藍洞內，天氣好的話將有機會看到藍洞所帶來的絕妙景色，高聳的玄武岩中倒映在清澈的海水中，把整個洞穴染成夢幻的翠藍色
/七美島上騎機車環島，走訪知名景點： 雙心石滬、小台灣、望夫石、石獅風景區、龍埕海蝕平台，感受離島的悠閒風情。",,,8,https://www.google.com/maps/embed?pb=!1m14!1m8!1m3!1d14628.220341624186!2d119.572509!3d23.566465!3m2!1i1024!2i768!4f13.1!3m3!1m2!1s0x346c5aecf84d97fb%3A0x3687fef7e2484f3c!2z5Y2X5rW36YGK5a6i5Lit5b-D!5e0!3m2!1szh-TW!2stw!4v1701841724979!5m2!1szh-TW!2stw,
56,nh-2,南海行程,藍洞+七美,"1,400/1,100","約4月1日－10中旬營業
/南海遊客中心報到
/行程約6小時
/開航時間約
,AM 08：00
,回航時間約
,PM 15：00
/開航前20分鐘辦理報到手續
/前一天專人會透過line通知具体開船時間(視潮汐及船班調度調整)","成人(3歲以上同成人)
/NT$1,100
/未滿3歲
/NT$100
/七美島上機車為兩人一台，單人騎乘需補價差 
/NT$100","南海遊客中心搭船出航～讓專業的為您導覽解說…
/七美島上騎機車環島，走訪知名景點： 雙心石滬、小台灣、望夫石、石獅風景區、龍埕海蝕平台，感受離島的悠閒風情。
/搭船前往澎湖秘境景點－藍洞，行程中將巡航至西吉嶼，船長將以船隻近距離靠近藍洞，但不會進入藍洞內，天氣好的話將有機會看到藍洞所帶來的絕妙景色，高聳的玄武岩中倒映在清澈的海水中，把整個洞穴染成夢幻的翠藍色",,,8,https://www.google.com/maps/embed?pb=!1m14!1m8!1m3!1d14628.220341624186!2d119.572509!3d23.566465!3m2!1i1024!2i768!4f13.1!3m3!1m2!1s0x346c5aecf84d97fb%3A0x3687fef7e2484f3c!2z5Y2X5rW36YGK5a6i5Lit5b-D!5e0!3m2!1szh-TW!2stw!4v1701842037050!5m2!1szh-TW!2stw,
57,nh-3,南海行程,七美+浮潛,"1,800/1,500","約4月1日－10中旬營業
/南海遊客中心報到
/行程約7小時
/開航時間約
,AM 08：00
,回航時間約
,PM 16：00
/開航前20分鐘辦理報到手續
/前一天專人會透過line通知具体開船時間(視潮汐及船班調度調整)","成人(3歲以上同成人)
/NT$1,500
/未滿3歲
/NT$100
/七美島上機車為兩人一台，單人騎乘需補價差
/NT$100","南海遊客中心搭船出航～讓專業的為您導覽解說…
/專船直達七美鯉月灣浮潛。
/七美島上騎機車環島，走訪知名景點： 雙心石滬、小台灣、望夫石、石獅風景區、龍埕海蝕平台，感受離島的悠閒風情。",,,8,https://www.google.com/maps/embed?pb=!1m14!1m8!1m3!1d14628.220341624186!2d119.572509!3d23.566465!3m2!1i1024!2i768!4f13.1!3m3!1m2!1s0x346c5aecf84d97fb%3A0x3687fef7e2484f3c!2z5Y2X5rW36YGK5a6i5Lit5b-D!5e0!3m2!1szh-TW!2stw!4v1701842037050!5m2!1szh-TW!2stw,
58,nh-4,南海行程,七美+薰衣草森林浮潛,"2,800/2,500","約4月1日－10中旬營業
/南海遊客中心報到
/行程約7小時
/開航時間約
,AM 08：00
,回航時間約
,PM 16：00
/開航前20分鐘辦理報到手續
/前一天專人會透過line通知具体開船時間(視潮汐及船班調度調整)","成人(5歲以上同成人)
/NT$2,500
/未滿5歲
/NT$1,500
/七美島上機車為兩人一台，單人騎乘需補價差
/NT$100","南海遊客中心搭船出航～讓專業的為您導覽解說…
/專船直達東嶼坪薰衣草森林浮潛。
/七美島上騎機車環島，走訪知名景點： 雙心石滬、小台灣、望夫石、石獅風景區、龍埕海蝕平台，感受離島的悠閒風情。",,,8,https://www.google.com/maps/embed?pb=!1m14!1m8!1m3!1d14628.220341624186!2d119.572509!3d23.566465!3m2!1i1024!2i768!4f13.1!3m3!1m2!1s0x346c5aecf84d97fb%3A0x3687fef7e2484f3c!2z5Y2X5rW36YGK5a6i5Lit5b-D!5e0!3m2!1szh-TW!2stw!4v1701842037050!5m2!1szh-TW!2stw,
59,nh-5,南海行程,七美一日自由行,"1,300/1,100","約4月1日－10中旬營業
/南海遊客中心報到
/行程約7小時
/開航時間約
,AM 08：00
,回航時間約
,PM 16：00
/開航前20分鐘辦理報到手續
/前一天專人會透過line通知具体開船時間(視潮汐及船班調度調整)","成人(3歲以上同成人)
/NT$1,100
/未滿3歲
/NT$100
/七美島上機車為兩人一台，單人騎乘需補價差
/NT$100","南海遊客中心搭船出航～讓專業的為您導覽解說…
/出發航程行經四角嶼、雞籠嶼、桶盤嶼、虎井嶼、望安鄉，熱情的領隊會逐一介紹各景點之不同，也能讓你了解南海之行當地民俗風情
/七美島上騎機車環島，走訪知名景點： 雙心石滬、小台灣、望夫石、石獅風景區、龍埕海蝕平台，感受離島的悠閒風情",,,8,https://www.google.com/maps/embed?pb=!1m14!1m8!1m3!1d14628.220341624186!2d119.572509!3d23.566465!3m2!1i1024!2i768!4f13.1!3m3!1m2!1s0x346c5aecf84d97fb%3A0x3687fef7e2484f3c!2z5Y2X5rW36YGK5a6i5Lit5b-D!5e0!3m2!1szh-TW!2stw!4v1701842037050!5m2!1szh-TW!2stw,
60,nh-6,南海行程,七美+望安,"1,200/1,000","約4月1日－10中旬營業
/南海遊客中心報到
/行程約7小時
/開航時間約
,AM 08：00
,回航時間約
,PM 16：00
/開航前20分鐘辦理報到手續
/前一天專人會透過line通知具体開船時間(視潮汐及船班調度調整)","成人(3歲以上同成人)
/NT$1,000
/未滿3歲
/NT$100
/七美、望安島上機車為兩人一台，單人騎乘需補價差 NT$190
/NT$190","南海遊客中心搭船出航～讓專業的為您導覽解說…
/搭船前往七美、望安跳島行程，走訪知名景點：七美雙心石滬、小台灣、石獅風景區、龍埕海蝕平台、望安綠蠵龜保育中心、網垵口沙灘、中社古厝、天台山等，享受跳島樂趣。
/七美島（停留約 2 - 2.5 小時）、望安島（停留約 1.5 - 2 小時）",,,8,https://www.google.com/maps/embed?pb=!1m14!1m8!1m3!1d14628.220341624186!2d119.572509!3d23.566465!3m2!1i1024!2i768!4f13.1!3m3!1m2!1s0x346c5aecf84d97fb%3A0x3687fef7e2484f3c!2z5Y2X5rW36YGK5a6i5Lit5b-D!5e0!3m2!1szh-TW!2stw!4v1701842037050!5m2!1szh-TW!2stw,
61,boat-1,布袋船票, 百麗航運-雲豹、藍雀,"1,950/1,500","約4月1日－10中旬營業
/布袋港旅客服務中心報到
/行程約70分鐘
/開航時間約
,AM 09：30、10：30
,回航時間約
,PM 16：00、17：00
/開航前60分鐘辦理報到手續
","成人平日來回
/NT$1,500
/成人假日來回(星期五、六出發，日、一回程)
/NT$1,700
/成人一平一假日來回
/NT$1,600
/成人連續假日來回
/NT$1,950
/兒童(3-11歲)
/NT$975
/未滿3歲
/NT$195","布袋港旅客服務中心報到~
/行程約70分鐘
/開航前60分鐘辦理報到手續",,,7,https://www.google.com/maps/embed?pb=!1m18!1m12!1m3!1d3662.2495757722145!2d120.13691527539314!3d23.379186902926058!2m3!1f0!2f0!3f0!3m2!1i1024!2i768!4f13.1!3m3!1m2!1s0x346c29cb24c32ecb%3A0xd28f5a238dac7b9a!2z5biD6KKL5riv5peF5a6i5pyN5YuZ5Lit5b-D!5e0!3m2!1szh-TW!2stw!4v1702008274788!5m2!1szh-TW!2stw,
62,boat-2,布袋船票,聯合航運-太吉、凱旋、滿天星,"1,950/1,400","約4月1日－10中旬營業
/布袋港旅客服務中心報到
/行程60-80分鐘
/開航時間約
,AM 09：30、10：00、10：30
,回航時間約
,PM 15：30、16：00
/開航前60分鐘辦理報到手續
","成人平日來回
/NT$1,400
/成人假日來回(星期五、六出發，日、一回程)
/NT$1,700
/成人一平一假日來回
/NT$1,550
/成人連續假日來回
/NT$1,950
/兒童(3-11歲)
/NT$975
/未滿3歲
/NT$195","布袋港旅客服務中心報到~
/行程約60-80分鐘
/開航前60分鐘辦理報到手續",,,5,https://www.google.com/maps/embed?pb=!1m18!1m12!1m3!1d3662.2495757722145!2d120.13691527539314!3d23.379186902926058!2m3!1f0!2f0!3f0!3m2!1i1024!2i768!4f13.1!3m3!1m2!1s0x346c29cb24c32ecb%3A0xd28f5a238dac7b9a!2z5biD6KKL5riv5peF5a6i5pyN5YuZ5Lit5b-D!5e0!3m2!1szh-TW!2stw!4v1702008274788!5m2!1szh-TW!2stw,
63,halfday-31,花火專船,海上花火專船-七美、望安場,"1,700/1,300","花火施放日
/南海遊客中心報到
/行程約3-8小時
/行程時間
,依船公司公告
/提前20分鐘辦理報到手續
/前一天專人會透過line通知具体出發時間(視天氣調整)","七美場花火船
/NT$1,700
/望安場花火船－方案一
/NT$1,700
/望安場花火船－方案二
/NT$1,300
/未滿3歲
/NT$100","南海遊客中心報到～
/預訂海上花火專船享受最佳的觀賞體驗。避開擁擠人群，從船上近距離欣賞美麗的夜景及花火。<br><br>
/七美場花火船　<br>
出發時間：15:30-16:30<br>
馬公 --> 七美（看煙花） --> 馬公（不含島上交通）<br><br>
/望安場花火船－方案一　<br>
出發時間：14:30<br>
馬公 --> 七美 --> 望安（看煙花） --> 馬公（不含島上交通）<br><br>
/望安場花火船－方案二<br>
出發時間：16:00-17:00 <br>
馬公 --> 望安（看煙花） --> 馬公（不含島上交通）",,,5,https://www.google.com/maps/embed?pb=!1m14!1m8!1m3!1d14628.220341624186!2d119.572509!3d23.566465!3m2!1i1024!2i768!4f13.1!3m3!1m2!1s0x346c5aecf84d97fb%3A0x3687fef7e2484f3c!2z5Y2X5rW36YGK5a6i5Lit5b-D!5e0!3m2!1szh-TW!2stw!4v1701835997491!5m2!1szh-TW!2stw,
